,City,City ID,Country,Latitude,Longitude,Date,Temperature (°F),Max Temperature (°F),Min Temperature (°F),Cloudiness,Humidity,Wind Speed
0,Butaritari,2110227,KI,3.07,172.79,1579585148,85.40600000000003,85.40600000000003,302.82,100,63,1.53
1,Semnan,116402,IR,35.57,53.4,1579585344,36.69800000000002,36.69800000000002,275.76,69,68,0.91
2,Ribeira Grande,3372707,PT,38.52,-28.7,1579585344,56.01200000000006,56.01200000000006,286.49,95,80,8.73
3,Kabalo,215668,CD,-6.05,26.92,1579585344,73.56200000000007,73.56200000000007,296.24,47,93,0.7
4,Avera,4231997,US,33.19,-82.53,1579585079,29.930000000000042,32.0,270.37,1,74,1.5
5,Kodiak,5866583,US,57.79,-152.41,1579585103,17.6,17.6,265.15,75,78,2.6
6,San Pedro del Pinatar,2511247,ES,37.84,-0.79,1579585345,47.80400000000005,48.992,280.93,40,100,5.7
7,Karratha,6620339,AU,-20.74,116.85,1579585195,86.0,86.0,303.15,0,71,7.58
8,Busselton,2075265,AU,-33.65,115.33,1579585150,76.94600000000005,84.00200000000008,295.37,74,21,10.1
9,Dubai,292223,AE,25.26,55.3,1579585264,65.04800000000003,66.2,291.15,20,72,2.1
10,Torbay,6167817,CA,47.67,-52.73,1579585085,21.29000000000002,21.991999999999997,266.48,90,92,4.6
11,Cockburn Town,3576994,TC,21.46,-71.14,1579585346,77.32400000000001,77.32400000000001,298.33,60,72,5.03
12,Esperance,2071860,AU,-33.87,121.9,1579585346,75.2,75.2,297.15,99,53,14.9
13,Uptar,2120129,RU,59.75,150.92,1579585346,-6.429999999999943,-6.429999999999943,251.8,40,73,3.37
14,Longyearbyen,2729907,SJ,78.22,15.64,1579585079,15.8,15.8,264.15,20,66,10.3
15,Alice Springs,2077895,AU,-23.7,133.88,1579585347,95.0,95.0,308.15,0,21,6.2
16,East London,1006984,ZA,-33.02,27.91,1579585347,68.0,68.0,293.15,93,77,3.1
17,Bredasdorp,1015776,ZA,-34.53,20.04,1579585166,66.2,66.2,292.15,95,82,7.2
18,George Town,1735106,MY,5.41,100.34,1579585232,89.45600000000003,89.6,304.82,20,59,2.1
19,Avarua,4035715,CK,-21.21,-159.78,1579585171,80.6,80.6,300.15,99,88,3.6
20,Norman Wells,6089245,CA,65.28,-126.83,1579585348,-21.99999999999995,-21.99999999999995,243.15,20,74,1.5
21,Sabang,1214026,ID,5.89,95.32,1579585348,82.27400000000002,82.27400000000002,301.08,71,80,8.77
22,Tarbagatay,2015545,RU,51.48,107.36,1579585348,-5.799999999999947,-5.799999999999947,252.15,82,76,1.12
23,Kavaratti,1267390,IN,10.57,72.64,1579585348,84.2,84.2,302.15,20,74,2.1
24,Cotonou,2394819,BJ,6.37,2.42,1579585349,74.858,74.858,296.96,93,87,1.53
25,Takoradze,2294915,GH,4.88,-1.76,1579585349,76.26200000000006,76.26200000000006,297.74,48,92,0.38
26,Magadan,2123628,RU,59.57,150.8,1579585082,-6.429999999999943,-6.429999999999943,251.8,40,73,3.37
27,Mataura,6201424,NZ,-46.19,168.86,1579585349,67.02800000000008,67.02800000000008,292.61,100,71,3.48
28,Codrington,2171099,AU,-38.27,141.97,1579585350,58.766000000000005,58.766000000000005,288.02,9,68,4.15
29,Hong Kong,1819729,HK,22.29,114.16,1579585149,71.816,78.99800000000002,292.04,20,60,7.7
30,Aklavik,5882953,CA,68.22,-135.01,1579585350,-20.199999999999953,-20.199999999999953,244.15,5,75,1.5
31,Saskatoon,6141256,CA,52.12,-106.63,1579585076,28.11200000000006,28.4,270.93,90,74,6.2
32,Kapaa,5848280,US,22.08,-159.32,1579585146,75.2,75.2,297.15,90,78,6.2
33,Yatou,1786855,CN,37.15,122.38,1579585351,46.004000000000055,46.004000000000055,280.93,54,64,4.18
34,Dikson,1507390,RU,73.51,80.55,1579585141,-20.595999999999947,-20.595999999999947,243.93,59,87,10.72
35,Qaanaaq,3831208,GL,77.48,-69.36,1579585351,-16.14999999999995,-16.14999999999995,246.4,75,59,3.51
36,Igrim,1505965,RU,63.19,64.42,1579585352,-0.41799999999998505,-0.41799999999998505,255.14,43,90,4.13
37,Krasnokamensk,2021618,RU,50.1,118.04,1579585352,0.3200000000000607,0.3200000000000607,255.55,49,83,4.89
38,Arraial do Cabo,3471451,BR,-22.97,-42.03,1579585352,73.76000000000008,73.76000000000008,296.35,28,84,0.95
39,Rikitea,4030556,PF,-23.12,-134.97,1579585180,78.33200000000002,78.33200000000002,298.89,100,78,5.5
40,Carnarvon,2074865,AU,-24.87,113.63,1579585110,84.2,84.2,302.15,0,54,11.3
41,Alofi,4036284,NU,-19.06,-169.92,1579585247,80.6,80.6,300.15,38,61,3.6
42,Khatanga,2022572,RU,71.97,102.5,1579585353,-29.43399999999994,-29.43399999999994,239.02,88,98,2.78
43,Lagoa,3372964,PT,39.05,-27.98,1579585353,59.66600000000001,59.66600000000001,288.52,100,73,9.8
44,Ambon,1651531,ID,-3.7,128.18,1579585353,91.4,91.4,306.15,20,52,6.7
45,Tuktoyaktuk,6170031,CA,69.45,-133.04,1579585354,-23.799999999999947,-23.799999999999947,242.15,5,74,2.6
46,Hermanus,3366880,ZA,-34.42,19.23,1579585149,69.00800000000001,69.00800000000001,293.71,22,74,11.01
47,Kadhan,1175506,PK,24.48,68.99,1579585354,73.058,73.058,295.96,76,17,2.73
48,Jamestown,5122534,US,42.1,-79.24,1579585354,16.952000000000076,26.99600000000005,258.71,90,85,1.26
49,Hobart,2163355,AU,-42.88,147.33,1579585146,65.26400000000004,68.0,290.15,20,55,9.3
50,Ushuaia,3833367,AR,-54.8,-68.3,1579585355,46.4,46.4,281.15,40,93,3.1
51,Puerto Ayora,3652764,EC,-0.74,-90.35,1579585204,77.0,77.0,298.15,49,54,1.34
52,Te Anau,2181625,NZ,-45.42,167.72,1579585113,64.27400000000002,64.27400000000002,291.08,100,71,1.99
53,El Sauzal de Rodriguez,4007503,MX,31.9,-116.68,1579585356,57.00200000000008,57.00200000000008,287.04,100,91,1.79
54,Yellowknife,6185377,CA,62.46,-114.35,1579585229,-5.439999999999969,-5.007999999999953,252.15,75,76,4.1
55,Petropavlovka,2017979,RU,50.61,105.32,1579585356,5.378000000000064,5.378000000000064,258.36,100,86,0.67
56,Pisco,3932145,PE,-13.7,-76.22,1579585195,69.44000000000003,69.80000000000001,293.71,75,94,3.6
57,Yerbogachen,2012956,RU,61.28,108.01,1579585357,-11.955999999999982,-11.955999999999982,248.73,100,87,4.66
58,Beringovskiy,2126710,RU,63.05,179.32,1579585357,-4.827999999999967,-4.827999999999967,252.69,51,99,6.0
59,Fairbanks,5861897,US,64.84,-147.72,1579585202,-13.467999999999982,-11.001999999999974,246.15,90,75,0.28
60,Varberg,2664996,SE,57.11,12.25,1579585357,42.76400000000003,44.00600000000003,278.15,99,87,8.7
61,Chapais,5919850,CA,49.78,-74.85,1579585091,-0.39999999999994884,-0.39999999999994884,255.15,90,77,3.6
62,Suoyarvi,486186,RU,62.08,32.35,1579585358,38.96600000000001,38.96600000000001,277.02,100,79,5.94
63,Cidreira,3466165,BR,-30.18,-50.21,1579585236,76.13600000000008,76.13600000000008,297.67,99,83,13.52
64,Adrar,2381972,MR,20.5,-10.07,1579585100,56.516000000000005,56.516000000000005,286.77,0,24,3.26
65,Hanyang,1798537,CN,32.14,105.51,1579585359,48.992,48.992,282.59,38,65,1.21
66,Sambava,1056899,MG,-14.27,50.17,1579585359,87.80000000000001,87.80000000000001,304.15,35,63,0.55
67,Narsaq,3421719,GL,60.92,-46.05,1579585359,33.8,33.8,274.15,100,43,8.7
68,Turukhansk,1488903,RU,65.82,87.98,1579585206,-36.00399999999995,-36.00399999999995,235.37,99,98,1.65
69,Xai-Xai,1024552,MZ,-25.05,33.64,1579585360,75.48800000000006,75.48800000000006,297.31,34,66,3.78
70,Cape Town,3369157,ZA,-33.93,18.42,1579584964,68.54000000000002,71.00600000000003,292.04,0,82,1.5
71,Ullapool,2635199,GB,57.9,-5.16,1579585360,47.28200000000002,50.0,280.37,96,94,0.89
72,Kaitangata,2208248,NZ,-46.28,169.85,1579585265,56.39000000000002,56.39000000000002,286.7,100,92,3.97
73,Hilo,5855927,US,19.73,-155.09,1579585361,70.21400000000003,73.99400000000009,292.59,40,73,2.6
74,Baicheng,2038569,CN,45.62,122.82,1579585362,39.992,39.992,277.59,44,94,5.05
75,Havre-Saint-Pierre,5972291,CA,50.23,-63.6,1579585362,-2.199999999999953,-2.199999999999953,254.15,1,53,3.6
76,Kiama,2161515,AU,-34.68,150.87,1579585287,79.05200000000008,89.99600000000005,297.04,36,47,4.6
77,Nizhniy Kuranakh,2019135,RU,58.84,125.49,1579585362,-5.97999999999994,-5.97999999999994,252.05,92,95,2.16
78,Prachuap Khiri Khan,1151074,TH,11.82,99.78,1579585362,83.44400000000007,83.44400000000007,301.73,33,68,3.39
79,Bilibino,2126682,RU,68.05,166.44,1579585363,-29.253999999999955,-29.253999999999955,239.12,100,98,1.34
80,Punta Arenas,3874787,CL,-53.15,-70.92,1579585186,55.22000000000006,55.400000000000006,285.93,75,66,7.7
81,Port Alfred,964432,ZA,-33.59,26.89,1579585363,64.99400000000009,64.99400000000009,291.48,100,90,2.24
82,Den Helder,2757220,NL,52.96,4.76,1579585364,36.23000000000004,41.0,274.26,40,93,6.7
83,Vaini,4032243,TO,-21.2,-175.2,1579585364,82.4,82.4,301.15,40,69,5.1
84,Lenger,1521379,KZ,42.18,69.88,1579585364,33.8,33.8,274.15,90,86,1.86
85,Bengkulu,1649150,ID,-3.8,102.27,1579585365,90.15800000000002,90.15800000000002,305.46,15,55,2.55
86,Naqadeh,122698,IR,36.96,45.39,1579585365,29.696000000000048,29.696000000000048,271.87,100,96,3.11
87,Maymyo,1309937,MM,22.03,96.47,1579585365,78.80000000000001,78.80000000000001,299.15,0,47,1.5
88,San Francisco,5391959,US,37.77,-122.42,1579585184,48.45200000000008,53.00600000000003,279.82,75,87,3.1
89,Muri,1262429,IN,23.37,85.87,1579585366,68.86400000000003,69.80000000000001,293.15,40,45,2.6
90,Korla,1529376,CN,41.76,86.15,1579585366,18.53600000000007,18.53600000000007,265.67,0,51,1.43
91,Krasnyy Kut,541647,RU,50.95,46.97,1579585366,27.410000000000082,27.410000000000082,270.6,100,94,4.42
92,High Level,5975004,CA,58.52,-117.14,1579585366,19.4,19.4,266.15,90,92,1.49
93,Mahebourg,934322,MU,-20.41,57.7,1579585367,83.69600000000005,84.2,301.48,75,79,0.5
94,Talara,3691582,PE,-4.58,-81.27,1579585367,71.13200000000002,71.13200000000002,294.89,0,92,5.44
95,Hamada,1863310,JP,34.88,132.08,1579585367,50.0,50.0,283.15,40,46,2.6
96,College,5859699,US,64.86,-147.8,1579585368,-13.377999999999965,-11.001999999999974,246.15,90,75,1.34
97,Cape Coast,2302357,GH,5.11,-1.25,1579585251,81.19400000000007,81.19400000000007,300.48,28,79,2.4
98,San Cristobal,3628473,VE,7.77,-72.22,1579585368,80.6,80.6,300.15,40,74,2.1
99,Casteldaccia,2525102,IT,38.05,13.53,1579585368,52.41200000000006,57.2,282.04,20,67,4.6
100,La Fleche,3009443,FR,47.7,-0.08,1579585200,32.0,32.0,273.15,0,94,2.6
101,Udimskiy,479619,RU,61.14,45.91,1579585369,26.582000000000015,26.582000000000015,270.14,98,93,4.61
102,Albany,5106841,US,42.6,-73.97,1579585369,10.88600000000007,17.99600000000005,256.48,1,61,2.6
103,Iseyin,2337181,NG,7.97,3.6,1579585370,70.808,70.808,294.71,100,64,1.42
104,Sfantu Gheorghe,667303,RO,45.87,25.78,1579585370,24.404000000000053,26.99600000000005,266.48,100,78,1.34
105,Paamiut,3421193,GL,61.99,-49.67,1579585370,24.8,24.8,269.15,99,79,3.04
106,Ponta do Sol,2264557,PT,32.67,-17.1,1579585370,52.16000000000008,57.2,280.93,75,62,4.1
107,Waingapu,1622318,ID,-9.66,120.26,1579585324,84.27200000000005,84.27200000000005,302.19,68,76,9.41
108,Labranzagrande,3679716,CO,5.56,-72.58,1579585371,63.48200000000001,63.48200000000001,290.64,100,83,1.95
109,Ulaanbaatar,2028462,MN,47.91,106.88,1579585371,1.3999999999999986,1.3999999999999986,256.15,75,70,1.0
110,Forsytheganj,10722858,BY,52.63,29.73,1579585082,33.35,33.35,273.9,100,84,6.77
111,Severo-Kuril'sk,2121385,RU,50.68,156.12,1579585157,14.324000000000012,14.324000000000012,263.33,100,85,2.3
112,Poum,2138555,NC,-20.23,164.02,1579585372,78.27800000000008,78.27800000000008,298.86,4,74,6.09
113,Xingcheng,2033766,CN,40.62,120.72,1579585372,38.06600000000001,38.06600000000001,276.52,34,53,7.59
114,Saldanha,3361934,ZA,-33.01,17.94,1579585372,64.4,64.4,291.15,0,82,5.1
115,Kedrovyy,1538641,RU,56.17,91.82,1579585373,5.0,5.0,258.15,40,50,7.0
116,Kunduz,1135689,AF,36.73,68.86,1579585373,33.8,33.8,274.15,100,95,2.36
117,Ancud,3899695,CL,-41.87,-73.82,1579585373,59.0,59.0,288.15,0,67,3.6
118,Provideniya,4031574,RU,64.38,-173.3,1579585373,3.1999999999999993,3.1999999999999993,257.15,75,77,2.0
119,Naranjos,3522804,MX,21.35,-97.68,1579585374,59.846000000000046,59.846000000000046,288.62,100,76,6.69
120,Atuona,4020109,PF,-9.8,-139.03,1579585215,80.85200000000009,80.85200000000009,300.29,70,79,7.2
121,New Norfolk,2155415,AU,-42.78,147.06,1579585374,65.22800000000007,68.0,290.15,20,55,9.3
122,Husavik,2629833,IS,66.04,-17.34,1579585374,35.6,35.6,275.15,75,59,15.9
123,Saskylakh,2017155,RU,71.92,114.08,1579585252,-19.67799999999996,-19.67799999999996,244.44,99,96,3.13
124,Castro,3466704,BR,-24.79,-50.01,1579585375,62.00600000000003,62.00600000000003,289.82,70,91,2.92
125,Manokwari,1636308,ID,-0.87,134.08,1579585273,78.89000000000001,78.89000000000001,299.2,10,82,5.08
126,Mar del Plata,3430863,AR,-38.0,-57.56,1579585376,64.99400000000009,64.99400000000009,291.48,42,78,5.36
127,Touros,3386213,BR,-5.2,-35.46,1579585081,75.2,75.2,297.15,40,94,1.5
128,Dingle,1714733,PH,11.0,122.67,1579585095,79.12400000000002,79.12400000000002,299.33,25,66,6.46
129,Lewisporte,6053446,CA,49.25,-55.05,1579585376,10.22000000000006,10.399999999999999,260.93,75,85,4.1
130,West Fargo,5062458,US,46.88,-96.9,1579585105,-5.007999999999953,-3.9999999999999503,251.48,1,76,5.7
131,Upernavik,3418910,GL,72.79,-56.15,1579585377,-1.983999999999945,-1.983999999999945,254.27,96,56,4.0
132,Coyhaique,3894426,CL,-45.58,-72.07,1579585096,55.400000000000006,55.400000000000006,286.15,0,82,0.5
133,Astana,1526273,KZ,51.18,71.45,1579585169,21.2,21.2,267.15,90,85,7.0
134,Lensk,2020838,RU,60.73,114.93,1579585378,-5.1879999999999455,-5.1879999999999455,252.49,94,89,4.43
135,Bambous Virieux,1106677,MU,-20.34,57.76,1579585378,83.66000000000008,84.2,301.48,75,79,0.5
136,Tura,1254046,IN,25.52,90.22,1579585378,73.67000000000007,73.67000000000007,296.3,2,38,1.99
137,Pevek,2122090,RU,69.7,170.31,1579585092,-16.00599999999998,-16.00599999999998,246.48,100,97,4.01
138,Lorengau,2092164,PG,-2.02,147.27,1579585379,83.174,83.174,301.58,75,79,6.95
139,Port Lincoln,2063036,AU,-34.73,135.87,1579585379,72.608,72.608,295.71,0,50,4.09
140,Bluff,2206939,NZ,-46.6,168.33,1579585143,60.27800000000006,60.27800000000006,288.86,100,76,1.6
141,Sisimiut,3419842,GL,66.94,-53.67,1579585120,5.486000000000068,5.486000000000068,258.42,100,76,1.48
142,Suba,1685615,PH,10.84,121.01,1579585081,79.91600000000001,79.91600000000001,299.77,3,72,13.1
143,Bunbury,2075432,AU,-33.33,115.63,1579585380,80.18600000000006,84.99199999999999,295.93,74,21,10.1
144,Barrow,5880054,US,71.29,-156.79,1579585190,-2.199999999999953,-2.199999999999953,254.15,90,77,5.1
145,Ziyang,1790863,CN,29.25,117.85,1579585381,55.16600000000001,55.16600000000001,286.02,74,68,1.81
146,Beysehir,321191,TR,37.68,31.72,1579585381,23.9,23.9,268.65,100,86,10.98
147,Trelew,3833883,AR,-43.25,-65.31,1579585381,64.43600000000006,64.43600000000006,291.17,10,41,4.25
148,Tucupita,3625929,VE,9.06,-62.05,1579585382,69.94400000000007,69.94400000000007,294.23,97,99,1.12
149,Bilma,2446796,NE,18.69,12.92,1579585382,54.87800000000007,54.87800000000007,285.86,0,28,5.25
150,Vardo,777019,NO,70.37,31.11,1579585362,34.50200000000008,34.50200000000008,274.54,83,66,10.73
151,Geraldton,2070998,AU,-28.77,114.6,1579585232,78.80000000000001,78.80000000000001,299.15,20,54,13.4
152,Santa Isabel do Rio Negro,3662489,BR,-0.41,-65.02,1579585383,73.92200000000004,73.92200000000004,296.44,54,89,0.86
153,Half Moon Bay,5354943,US,37.46,-122.43,1579585383,48.41600000000001,53.00600000000003,279.82,75,87,3.1
154,Fort Nelson,5955902,CA,58.81,-122.7,1579585201,-0.39999999999994884,-0.39999999999994884,255.15,90,84,1.74
155,Kamensk-Ural'skiy,1504826,RU,56.42,61.93,1579585341,0.17600000000003746,0.17600000000003746,255.47,100,98,1.8
156,Sao Filipe,3374210,CV,14.9,-24.5,1579585329,69.15200000000007,69.15200000000007,293.79,57,73,2.67
157,Horasan,745527,TR,40.05,42.17,1579585384,18.57200000000004,18.57200000000004,265.69,13,75,0.39
158,Yeniseysk,1485997,RU,58.45,92.17,1579585108,-0.2379999999999427,-0.2379999999999427,255.24,100,89,4.99
159,Rio Gallegos,3838859,AR,-51.62,-69.22,1579585385,55.400000000000006,55.400000000000006,286.15,55,76,3.6
160,Padang,1633419,ID,-0.95,100.35,1579585385,85.06400000000004,85.06400000000004,302.63,80,59,0.76
161,Cabo San Lucas,3985710,MX,22.89,-109.91,1579585282,63.5,66.2,288.71,5,77,1.5
162,Edd,338345,ER,13.93,41.69,1579585386,75.97400000000002,75.97400000000002,297.58,47,71,0.32
163,Seoul,1835848,KR,37.57,126.98,1579585386,37.61600000000001,39.2,275.15,1,32,0.14
164,Asau,686090,RO,46.43,26.4,1579585386,26.81600000000001,28.004000000000055,269.26,99,79,2.6
165,Cherskiy,2126199,RU,68.75,161.3,1579585161,-23.655999999999977,-23.655999999999977,242.23,100,98,2.91
166,Popondetta,2088163,PG,-8.75,148.25,1579585386,82.27400000000002,82.27400000000002,301.08,52,75,2.24
167,Laguna,5364271,US,38.42,-121.42,1579585387,46.88600000000007,48.992,280.15,75,81,1.69
168,Bethel,5282297,US,41.37,-73.41,1579585387,16.538000000000046,23.0,260.93,5,72,2.46
169,Lithakia,258241,GR,37.72,20.83,1579585387,35.81600000000001,42.008,272.15,23,92,3.96
170,Isangel,2136825,VU,-19.55,169.27,1579585388,84.2,84.2,302.15,40,62,3.1
171,Norsup,2135517,VU,-16.07,167.38,1579585388,84.2,84.2,302.15,75,70,2.1
172,Manzanillo,3547867,CU,20.34,-77.12,1579585388,73.77800000000008,73.77800000000008,296.36,87,86,2.25
173,Muriwai Beach,2186363,NZ,-36.82,174.45,1579585388,70.77200000000005,71.99600000000005,293.71,36,64,6.2
174,Upington,945945,ZA,-28.45,21.26,1579585389,69.80000000000001,69.80000000000001,294.15,0,52,3.6
175,Erenhot,2037485,CN,43.65,111.98,1579585389,21.416000000000007,21.416000000000007,267.27,0,73,3.72
176,Helena,5656882,US,46.59,-112.04,1579585389,27.05,32.0,268.15,20,73,1.63
177,Asosa,343292,ET,10.07,34.53,1579585389,71.924,71.924,295.33,51,36,3.28
178,Paka,1734313,MY,4.64,103.44,1579585389,84.12800000000007,84.2,302.04,40,79,5.1
179,Ketchikan,5554428,US,55.34,-131.65,1579585390,42.8,42.8,279.15,75,81,5.1
180,Ostrovnoy,556268,RU,68.05,39.51,1579585390,28.148000000000025,28.148000000000025,271.01,100,96,4.91
181,San Patricio,3985168,MX,19.22,-104.7,1579585095,79.10600000000002,79.10600000000002,299.32,0,72,2.42
182,Port Hedland,2063042,AU,-20.32,118.57,1579585124,93.2,93.2,307.15,4,67,7.2
183,Along,1278969,IN,28.17,94.77,1579585391,57.794000000000075,57.794000000000075,287.48,71,81,1.04
184,Catuday,1717787,PH,16.29,119.81,1579585391,80.87000000000006,80.87000000000006,300.3,0,60,0.66
185,Jacqueville,2287778,CI,5.21,-4.41,1579585391,78.80000000000001,78.80000000000001,299.15,20,94,3.3
186,Acquaviva delle Fonti,3183494,IT,40.9,16.84,1579585392,43.12400000000001,46.004000000000055,278.15,61,93,4.1
187,Lowestoft,2643490,GB,52.48,1.75,1579585392,30.97400000000001,33.008,270.93,0,80,3.1
188,Baoning,1992517,CN,25.34,110.03,1579585392,50.0,50.0,283.15,75,100,1.0
189,Neryungri,2019309,RU,56.67,124.65,1579585392,-6.483999999999945,-6.483999999999945,251.77,100,97,0.74
190,Adelaide,2078025,AU,-34.93,138.6,1579585393,77.46800000000009,80.99600000000005,296.48,0,38,5.7
191,Almaznyy,582447,RU,48.04,40.05,1579585393,32.0,32.0,273.15,75,85,4.0
192,Zhangye,1785036,CN,38.93,100.45,1579585393,28.72400000000001,28.72400000000001,271.33,6,39,4.93
193,Fillmore,5026478,US,43.67,-92.1,1579585394,0.9680000000000355,5.0,253.71,1,84,1.5
194,Porto-Novo,2392087,BJ,6.5,2.6,1579585394,74.858,74.858,296.96,93,87,1.53
195,Nikolskoye,546105,RU,59.7,30.79,1579585251,42.42200000000004,42.8,278.71,75,87,11.0
196,Bochil,3532182,MX,16.98,-92.92,1579585394,69.80000000000001,69.80000000000001,294.15,75,77,5.1
197,Tiksi,2015306,RU,71.69,128.87,1579585105,-25.509999999999984,-25.509999999999984,241.2,28,86,1.29
198,Ixtapa,4004293,MX,20.7,-105.2,1579585395,75.59600000000006,75.99199999999999,297.15,5,94,2.1
199,Angoram,2100765,PG,-4.06,144.07,1579585395,86.52200000000005,86.52200000000005,303.44,51,74,2.39
200,Hithadhoo,1282256,MV,-0.6,73.08,1579585395,83.51600000000002,83.51600000000002,301.77,1,79,6.66
201,Solnechnyy,2016307,RU,50.72,136.63,1579585396,-3.081999999999965,-3.081999999999965,253.66,23,98,1.93
202,Kankakee,4898188,US,41.15,-87.87,1579585396,16.718000000000085,21.2,262.04,1,92,1.5
203,Darhan,2031964,MN,49.49,105.92,1579585396,3.4700000000000593,3.4700000000000593,257.3,29,84,0.28
204,Zurrieq,2562250,MT,35.83,14.47,1579585396,57.38000000000004,57.992,287.04,75,93,8.2
205,Nakamura,1855891,JP,32.98,132.93,1579585397,52.10600000000003,52.10600000000003,284.32,0,46,1.98
206,Kloulklubed,7671223,PW,7.04,134.26,1579585104,80.6,80.6,300.15,75,69,4.6
207,Ludvika,2693759,SE,60.15,15.19,1579585397,45.23000000000004,46.99400000000007,279.26,91,75,9.3
208,Dali,1814093,CN,25.7,100.18,1579585397,57.45200000000008,57.45200000000008,287.29,2,40,5.99
209,Berezovyy,2026786,RU,51.67,135.7,1579585398,8.456000000000028,8.456000000000028,260.07,0,68,2.8
210,Saint George's,3579925,GD,12.06,-61.75,1579585398,78.80000000000001,78.80000000000001,299.15,20,83,5.1
211,Merseburg,2871736,DE,51.37,12.0,1579585398,26.618000000000087,30.002000000000077,267.59,1,92,4.6
212,Keetmanshoop,3356264,NA,-26.58,18.13,1579585398,66.2,66.2,292.15,0,52,1.5
213,Nanortalik,3421765,GL,60.14,-45.24,1579585144,33.062000000000054,33.062000000000054,273.74,100,69,11.11
214,Provincia de Las Palmas,2515271,ES,28.42,-14.01,1579585399,60.8,60.8,289.15,44,55,2.1
215,Sterling,4787534,US,39.01,-77.43,1579585399,24.08000000000004,28.004000000000055,266.48,1,49,5.04
216,Morehead,4301317,US,37.27,-87.18,1579585399,19.886000000000067,21.991999999999997,265.15,75,73,1.5
217,Jaleshwar,1283323,NP,26.65,85.8,1579585400,67.15400000000005,67.15400000000005,292.68,92,50,2.57
218,'Ahuimanu,5856516,US,21.44,-157.84,1579585400,73.04000000000002,75.2,293.71,40,69,4.6
219,Airai,1651810,TL,-8.93,125.41,1579585400,80.924,80.924,300.33,99,61,1.24
220,Mujiayingzi,2035707,CN,42.12,118.78,1579585400,34.19600000000005,34.19600000000005,274.37,0,28,3.48
221,Pizarro,3672086,CO,4.95,-77.37,1579585401,78.26000000000008,78.26000000000008,298.85,100,85,3.38
222,Brae,2654970,GB,60.4,-1.35,1579585401,43.556000000000026,44.6,279.15,92,65,5.1
223,Saint Stephen,2638698,GB,50.33,-4.9,1579585401,38.39000000000002,42.998000000000026,273.71,0,81,1.5
224,Baykit,1510689,RU,61.67,96.37,1579585401,-14.169999999999959,-14.169999999999959,247.5,100,95,0.45
225,Homer,5864145,US,59.64,-151.55,1579585402,16.268000000000086,21.991999999999997,259.26,1,92,1.5
226,Mange,2406067,SL,8.92,-12.85,1579585402,70.30400000000006,70.30400000000006,294.43,60,95,0.89
227,Kutum,371745,SD,14.2,24.67,1579585402,49.73000000000005,49.73000000000005,283.0,5,30,2.83
228,Khilok,2022463,RU,51.37,110.47,1579585402,4.766000000000009,4.766000000000009,258.02,0,69,2.72
229,Erdenet,2031405,MN,49.03,104.08,1579585403,6.080000000000041,6.080000000000041,258.75,65,77,1.13
230,Caravelas,3466980,BR,-17.71,-39.25,1579585403,79.39400000000008,79.39400000000008,299.48,100,80,6.87
231,Arrondissement de Lisieux,2998149,FR,49.17,0.17,1579585403,36.01400000000003,39.2,273.15,40,93,1.5
232,Christchurch,2192362,NZ,-43.53,172.63,1579585284,68.0,69.00800000000001,292.59,38,64,7.2
233,Khovd,1516048,MN,48.01,91.64,1579585404,12.758000000000003,12.758000000000003,262.46,6,45,1.64
234,Aykhal,2027296,RU,66.0,111.5,1579585404,-16.59999999999995,-16.59999999999995,246.15,92,75,2.0
235,Great Falls,5655240,US,47.5,-111.3,1579585404,41.918000000000085,48.992,275.15,90,35,6.2
236,Marechal Candido Rondon,3457772,BR,-24.56,-54.06,1579585404,72.77000000000007,72.77000000000007,295.8,87,90,1.1
237,Noyabrsk,1496503,RU,63.2,75.45,1579585386,-4.485999999999969,-4.485999999999969,252.88,100,98,4.94
238,Qax,585227,AZ,41.42,46.92,1579585405,32.0,32.0,273.15,20,54,5.1
239,Tasiilaq,3424607,GL,65.61,-37.64,1579585405,14.0,14.0,263.15,50,47,1.5
240,Saint-Philippe,935215,RE,-21.36,55.77,1579585181,74.24600000000005,78.80000000000001,292.59,100,83,2.6
241,Moldava nad Bodvou,724111,SK,48.61,21.0,1579585406,26.78000000000004,26.99600000000005,270.15,75,92,1.0
242,Sueca,2510764,ES,39.2,-0.31,1579585406,49.658,57.992,278.15,75,81,9.3
243,Barcelos,2742416,PT,41.54,-8.62,1579585407,43.772000000000034,46.4,278.71,18,49,6.7
244,Chokurdakh,2126123,RU,70.63,147.92,1579585407,-16.095999999999947,-16.095999999999947,246.43,100,97,3.58
245,Palmares do Sul,3455461,BR,-30.26,-50.51,1579585407,74.46200000000006,74.46200000000006,296.74,100,81,7.6
246,Tilichiki,2120591,RU,60.47,166.1,1579585407,-18.93999999999997,-18.93999999999997,244.85,0,93,1.76
247,Saint George,5546220,US,37.1,-113.58,1579585408,43.82600000000009,48.2,273.71,75,42,6.7
248,Gold Coast,2165087,AU,-28.0,153.43,1579585408,89.74400000000009,95.0,301.15,0,78,8.2
249,Hambantota,1244926,LK,6.12,81.12,1579585408,84.2,84.2,302.15,40,79,6.2
250,Lompoc,5367788,US,34.64,-120.46,1579585317,51.69199999999999,53.99600000000005,282.59,90,87,0.72
251,Yuci,1785974,CN,37.68,112.73,1579585109,37.4,37.4,276.15,100,44,2.0
252,Atyrau,610529,KZ,47.12,51.88,1579585409,26.6,26.6,270.15,90,92,6.0
253,Balashov,579460,RU,51.55,43.17,1579585409,32.0,32.0,273.15,100,93,3.13
254,Whitehorse,6180550,CA,60.72,-135.05,1579585409,-0.561999999999955,3.1999999999999993,250.93,20,84,9.8
255,Tianpeng,1792916,CN,30.99,103.94,1579585409,55.76000000000008,60.00800000000001,284.82,40,54,1.0
256,Florence,3176959,IT,43.77,11.25,1579585311,39.92000000000006,42.998000000000026,273.15,61,94,2.1
257,Watsa,204283,CD,3.04,29.54,1579585410,70.89800000000002,70.89800000000002,294.76,95,38,1.35
258,Hasaki,2112802,JP,35.73,140.83,1579585410,52.84400000000008,57.00200000000008,283.15,20,27,8.7
259,Orocue,3673536,CO,4.79,-71.34,1579585410,74.96600000000001,74.96600000000001,297.02,91,83,1.82
260,Ventspils,454310,LV,57.39,21.56,1579585353,44.6,44.6,280.15,57,87,8.7
261,Ouallam,2440371,NE,14.32,2.09,1579585411,67.49600000000005,67.49600000000005,292.87,7,29,4.44
262,Gamba,2400547,GA,-2.65,10.0,1579585411,77.82800000000006,77.82800000000006,298.61,99,88,1.71
263,Lisiy Nos,534841,RU,60.02,30.02,1579585411,41.918000000000085,42.8,277.04,75,87,11.0
264,Medea,2488835,DZ,36.26,2.75,1579585412,62.6,62.6,290.15,90,39,6.2
265,Baruun-Urt,2032614,MN,46.68,113.28,1579585412,5.738000000000046,5.738000000000046,258.56,0,83,0.62
266,Viesite,454216,LV,56.35,25.56,1579585412,41.61200000000006,41.61200000000006,278.49,100,91,5.78
267,Trairi,3386177,BR,-3.28,-39.27,1579585413,74.066,74.066,296.52,94,85,0.19
268,Honiara,2108502,SB,-9.43,159.95,1579585413,87.80000000000001,87.80000000000001,304.15,75,79,3.6
269,Mount Isa,2065594,AU,-20.73,139.5,1579585413,98.60000000000001,98.60000000000001,310.15,90,22,5.1
270,Rochester,5134086,US,43.15,-77.62,1579585414,19.904000000000053,23.0,265.15,90,62,2.1
271,Lebu,3883457,CL,-37.62,-73.65,1579585153,52.05200000000008,52.05200000000008,284.29,0,93,2.06
272,Yelizovo,2119538,RU,53.19,158.38,1579585414,14.0,14.0,263.15,39,66,2.0
273,Salihorsk,622428,BY,52.79,27.54,1579585414,34.016000000000005,34.016000000000005,274.27,100,84,7.13
274,Grand Gaube,934479,MU,-20.01,57.66,1579585415,83.55200000000008,84.2,301.48,75,79,0.5
275,Shenjiamen,1795632,CN,29.96,122.3,1579585415,53.294000000000075,53.294000000000075,284.98,1,67,6.41
276,Lodja,211647,CD,-3.48,23.43,1579585415,77.0,77.0,298.15,41,72,0.11
277,Leninkent,536186,RU,42.97,47.35,1579585416,32.45,33.008,273.15,0,76,3.0
278,Akureyri,2633274,IS,65.68,-18.09,1579585416,35.6,35.6,275.15,75,59,15.9
279,Katsuura,2112309,JP,35.13,140.3,1579585416,52.682000000000016,55.99400000000007,283.71,20,40,10.8
280,Deputatsky,2028164,RU,69.3,139.9,1579585416,-26.067999999999984,-26.067999999999984,240.89,27,92,1.9
281,Galesong,1644605,ID,-5.32,119.37,1579585416,89.6,89.6,305.15,20,59,3.6
282,Constitucion,3893726,CL,-35.33,-72.42,1579585222,59.70200000000008,59.70200000000008,288.54,0,48,1.96
283,Villa del Rosario,3665913,CO,7.83,-72.47,1579585417,80.6,80.6,300.15,40,74,2.1
284,Acajutla,3587498,SV,13.59,-89.83,1579585418,69.99800000000002,69.99800000000002,294.26,4,80,4.92
285,Norden,2862118,DE,53.6,7.2,1579585418,37.25600000000003,37.99400000000007,275.15,75,100,4.6
286,Laas,3175096,IT,46.62,10.7,1579585418,23.791999999999994,26.99600000000005,264.15,10,72,2.6
287,Udala,3107337,ES,43.08,-2.51,1579585419,36.68000000000004,39.00200000000008,274.15,75,69,4.1
288,Coronado,5339663,US,32.69,-117.18,1579585419,54.68000000000004,60.8,280.37,75,87,1.66
289,Taoudenni,2450173,ML,22.68,-3.98,1579585419,54.158,54.158,285.46,36,29,1.78
290,Kieta,2094027,PG,-6.22,155.63,1579585419,84.90200000000007,84.90200000000007,302.54,13,66,1.7
291,Vila Velha,3445026,BR,-20.33,-40.29,1579585419,71.6,71.6,295.15,75,94,2.6
292,Koumac,2140558,NC,-20.57,164.28,1579585372,76.17200000000004,76.17200000000004,297.69,67,68,0.71
293,Prince Rupert,6113406,CA,54.32,-130.32,1579585420,39.2,39.2,277.15,75,86,5.1
294,Kahului,5847411,US,20.89,-156.47,1579585420,68.81000000000009,73.4,291.48,1,64,4.1
295,Rafsanjan,118994,IR,30.41,55.99,1579585158,42.8,42.8,279.15,1,51,2.89
296,Buta,217570,CD,2.79,24.73,1579585421,71.90600000000003,71.90600000000003,295.32,51,32,1.63
297,Ojinaga,3994469,MX,29.57,-104.42,1579585421,47.96600000000001,50.0,280.37,1,43,3.1
298,Bathsheba,3374083,BB,13.22,-59.52,1579585421,77.0,77.0,298.15,20,78,8.2
299,Pochutla,3517970,MX,15.74,-96.47,1579585421,80.18600000000006,80.18600000000006,299.92,0,71,2.61
300,Moncada,2513703,ES,39.55,-0.4,1579585422,47.570000000000064,50.0,280.37,100,87,7.7
301,Port Elizabeth,964420,ZA,-33.92,25.57,1579585422,68.0,68.0,293.15,40,82,5.1
302,Lavrentiya,4031637,RU,65.58,-171.0,1579585277,-1.425999999999938,-1.425999999999938,254.58,61,92,1.4
303,Sitka,5557293,US,57.05,-135.33,1579585422,35.90600000000003,37.4,274.15,90,82,2.1
304,Mehamn,778707,NO,71.04,27.85,1579585423,35.6,35.6,275.15,40,64,11.8
305,Kungurtug,1501377,RU,50.6,97.52,1579585423,2.1560000000000272,2.1560000000000272,256.57,77,75,1.11
306,Nhulunbuy,2064735,AU,-12.23,136.77,1579585423,89.6,89.6,305.15,40,59,6.2
307,San Jose,5392171,US,37.34,-121.89,1579585309,48.02000000000007,51.998000000000026,279.82,75,87,3.1
308,Kaeo,2189343,NZ,-35.1,173.78,1579585424,77.09000000000003,78.99800000000002,295.93,0,59,0.89
309,Jacmel,3723779,HT,18.23,-72.53,1579585424,77.0,77.0,298.15,80,78,3.1
310,Kokopo,2093685,PG,-4.35,152.26,1579585424,84.72200000000004,84.72200000000004,302.44,7,74,7.7
311,Ilulissat,3423146,GL,69.22,-51.1,1579585236,17.6,17.6,265.15,100,57,6.7
312,Tulum,3515040,MX,20.22,-87.47,1579585165,73.20200000000008,73.4,295.93,20,78,7.7
313,Udachny,2014624,RU,66.42,112.4,1579585425,-16.59999999999995,-16.59999999999995,246.15,100,75,2.0
314,Cabedelo,3404558,BR,-6.98,-34.83,1579585425,78.80000000000001,78.80000000000001,299.15,20,83,1.0
315,Necochea,3430443,AR,-38.55,-58.74,1579585425,64.00400000000005,64.00400000000005,290.93,86,94,3.58
316,Wangaratta,2144764,AU,-36.37,146.33,1579585425,78.53000000000004,80.99600000000005,298.15,75,41,4.1
317,Poya,2138522,NC,-21.35,165.15,1579585426,76.40600000000003,76.40600000000003,297.82,0,77,7.91
318,Timizart,2476396,DZ,36.8,4.27,1579585426,59.21600000000001,59.21600000000001,288.27,25,55,5.87
319,Chittarkonda,1274055,IN,18.12,82.08,1579585426,83.37200000000004,83.37200000000004,301.69,0,43,1.14
320,Hurghada,361291,EG,27.26,33.81,1579585426,53.6,53.6,285.15,0,54,7.7
321,Menongue,3347353,AO,-14.66,17.69,1579585427,66.16400000000004,66.16400000000004,292.13,94,90,2.17
322,Marawi,1701054,PH,8.0,124.29,1579585427,82.00400000000005,82.00400000000005,300.93,80,72,6.26
323,Kavieng,2094342,PG,-2.57,150.8,1579585428,83.66000000000008,83.66000000000008,301.85,2,75,5.17
324,Shimoda,1852357,JP,34.67,138.95,1579585428,49.87400000000001,53.6,280.93,20,40,3.1
325,Thompson,6165406,CA,55.74,-97.86,1579585414,6.800000000000001,6.800000000000001,259.15,75,77,2.1
326,Labuhan,8079926,ID,-6.88,112.21,1579585429,86.66600000000001,86.66600000000001,303.52,37,71,3.21
327,City of San Pedro,1688781,PH,14.35,121.02,1579585429,86.0,86.0,303.15,75,48,6.2
328,Liepaja,457955,LV,56.54,21.04,1579585203,42.8,42.8,279.15,89,93,8.7
329,Vao,2137773,NC,-22.67,167.48,1579585429,75.95600000000003,75.95600000000003,297.57,64,69,6.59
330,Vallenar,3868633,CL,-28.57,-70.76,1579585430,57.38000000000004,57.38000000000004,287.25,11,92,1.22
331,Fortuna,5563839,US,40.6,-124.16,1579585247,53.34800000000003,55.400000000000006,281.48,90,62,8.2
332,Praia da Vitoria,3372760,PT,38.73,-27.07,1579585430,59.0,59.0,288.15,90,72,10.19
333,Leningradskiy,2123814,RU,69.38,178.42,1579585430,-10.587999999999944,-10.587999999999944,249.49,99,90,4.4
334,Bandarbeyla,64814,SO,9.49,50.81,1579585272,75.68600000000006,75.68600000000006,297.42,27,75,9.36
335,Naze,1855540,JP,28.37,129.48,1579585431,64.4,64.4,291.15,20,52,6.2
336,Aloleng,1731298,PH,16.13,119.78,1579585431,86.21600000000001,86.21600000000001,303.27,0,49,5.44
337,Kangaatsiaq,3422683,GL,68.31,-53.46,1579585431,15.458000000000002,15.458000000000002,263.96,100,70,2.11
338,Mount Gambier,2156643,AU,-37.83,140.77,1579585431,73.4,73.4,296.15,0,38,6.2
339,Aleksandrovskoye,582993,RU,44.71,43.0,1579585432,28.220000000000063,28.4,270.93,75,86,5.0
340,Makakilo City,5850554,US,21.35,-158.09,1579585432,73.07600000000009,75.2,293.71,40,78,1.5
341,Sao Felix do Xingu,3388847,BR,-6.64,-51.99,1579585432,71.78000000000004,71.78000000000004,295.25,100,96,0.55
342,Iquique,3887127,CL,-20.22,-70.14,1579585223,73.4,73.4,296.15,30,69,3.6
343,Kaohsiung,1673820,TW,22.62,120.31,1579585433,76.96400000000003,78.80000000000001,297.04,40,44,4.6
344,Warud,1252919,IN,21.47,78.27,1579585433,76.62200000000004,76.62200000000004,297.94,0,48,3.31
345,Salinopolis,3389822,BR,-0.61,-47.36,1579585433,80.42000000000007,80.42000000000007,300.05,100,83,7.04
346,Cascais,2269594,PT,38.7,-9.42,1579585433,44.27600000000009,44.99600000000005,279.26,0,63,6.7
347,Port Blair,1259385,IN,11.67,92.75,1579585434,81.35600000000002,81.35600000000002,300.57,18,80,6.6
348,Seydi,1218420,TM,39.48,62.91,1579585434,35.258,35.258,274.96,100,68,1.55
349,Muisne,3653967,EC,0.6,-80.03,1579585434,77.21600000000001,77.21600000000001,298.27,98,90,3.47
350,Antofagasta,3899539,CL,-23.65,-70.4,1579585434,68.0,68.0,293.15,75,82,2.1
351,Baijiantan,1529626,CN,45.63,85.18,1579585434,14.899999999999999,14.899999999999999,263.65,71,87,2.06
352,Iqaluit,5983720,CA,63.75,-68.51,1579585435,-25.311999999999955,-25.00599999999998,241.15,5,67,5.7
353,Sonoita,3982837,MX,31.85,-112.83,1579585435,62.00600000000003,62.00600000000003,289.82,100,50,0.61
354,Pozo Colorado,3437443,PY,-23.49,-58.8,1579585225,84.05600000000004,84.05600000000004,302.07,98,59,2.63
355,Klaksvik,2618795,FO,62.23,-6.59,1579585435,41.0,41.0,278.15,51,75,12.3
356,Teknaf,1185095,BD,20.86,92.31,1579585436,83.858,83.858,301.96,0,31,2.17
357,Saint-Ambroise,6137381,CA,48.55,-71.33,1579585436,0.1040000000000525,3.1999999999999993,254.15,75,70,2.1
358,Usinsk,863061,RU,65.99,57.53,1579585436,3.59600000000005,3.59600000000005,257.37,93,93,9.77
359,Danielskuil,1011918,ZA,-28.19,23.54,1579585437,72.24800000000002,72.24800000000002,295.51,0,60,10.75
360,La Ronge,6050066,CA,55.1,-105.28,1579585437,10.399999999999999,10.399999999999999,261.15,90,85,2.1
361,Daru,2098329,PG,-9.08,143.21,1579585158,85.76600000000002,85.76600000000002,303.02,100,80,1.19
362,Maceio,3395981,BR,-9.67,-35.74,1579585179,73.4,73.4,296.15,20,94,1.5
363,Lircay,3928317,PE,-12.99,-74.72,1579585437,46.85,46.85,281.4,100,81,3.54
364,Novikovo,487928,RU,51.15,37.89,1579585438,28.85,28.85,271.4,99,92,6.22
365,Barra Patuca,3614835,HN,15.8,-84.28,1579585438,79.32200000000003,79.32200000000003,299.44,17,74,5.62
366,Potsdam,2852458,DE,52.4,13.07,1579585438,32.108000000000004,37.004000000000055,270.93,0,88,3.1
367,Quchan,119115,IR,37.11,58.51,1579585439,20.912000000000056,20.912000000000056,266.99,99,85,1.15
368,Kupino,1501365,RU,54.37,77.3,1579585439,5.054000000000052,5.054000000000052,258.18,100,94,3.09
369,Eirunepe,3664321,BR,-6.66,-69.87,1579585238,72.71600000000001,72.71600000000001,295.77,100,94,0.75
370,Guerrero Negro,4021858,MX,27.98,-114.06,1579585439,61.898000000000025,61.898000000000025,289.76,88,65,3.56
371,Berlevag,780687,NO,70.86,29.09,1579585440,35.6,35.6,275.15,40,64,11.8
372,Broken Hill,2173911,AU,-31.95,141.43,1579585440,86.0,86.0,303.15,0,22,3.6
373,Sobolevo,525426,RU,54.43,31.9,1579585440,36.23000000000004,36.23000000000004,275.5,100,88,7.21
374,Veraval,1253237,IN,20.9,70.37,1579585440,80.02400000000002,80.02400000000002,299.83,0,29,2.69
375,Ciudad Bolivar,3645532,VE,8.12,-63.55,1579585441,75.34400000000008,75.34400000000008,297.23,100,72,4.5
376,Anadyr,2127202,RU,64.75,177.48,1579585183,-14.421999999999933,-14.007999999999953,247.15,20,83,3.0
377,Tual,1623197,ID,-5.67,132.75,1579585441,83.93000000000004,83.93000000000004,302.0,22,77,7.32
378,Clyde River,5924351,CA,70.47,-68.59,1579585442,-12.99999999999995,-12.99999999999995,248.15,90,83,6.2
379,Naujoji Akmene,596719,LT,56.32,22.9,1579585442,41.0,41.0,278.15,90,93,9.8
380,Vuktyl,470905,RU,63.86,57.31,1579585443,6.746000000000048,6.746000000000048,259.12,95,91,5.11
381,Vammala,632542,FI,61.33,22.9,1579585443,43.016000000000005,44.6,278.71,100,75,6.2
382,Meadow Lake,5478673,US,34.8,-106.54,1579585443,37.47200000000004,41.0,273.15,1,74,2.1
383,Amahai,1651591,ID,-3.33,128.92,1579585443,86.73800000000006,86.73800000000006,303.56,2,61,10.67
384,Saint-Joseph,6690296,RE,-21.37,55.62,1579585443,74.80400000000006,78.80000000000001,292.59,20,83,1.5
385,Santa Ines,3389609,BR,-3.67,-45.38,1579585444,73.34600000000006,73.34600000000006,296.12,51,97,1.01
386,Lata,2738381,PT,40.16,-8.33,1579585444,41.342,46.99400000000007,273.15,29,60,3.6
387,Kontagora,2334008,NG,10.4,5.47,1579585444,70.28600000000007,70.28600000000007,294.42,38,32,3.46
388,Ust-Maya,2013918,RU,60.42,134.53,1579585444,-14.349999999999952,-14.349999999999952,247.4,100,97,0.31
389,Nueva Loja,3655185,EC,0.08,-76.88,1579585444,71.02400000000002,71.02400000000002,294.83,91,96,0.81
390,Smolenka,2016405,RU,52.14,113.5,1579585445,8.599999999999998,8.599999999999998,260.15,0,42,4.0
391,Mossamedes,3347019,AO,-15.2,12.15,1579585445,76.19000000000003,76.19000000000003,297.7,83,80,5.4
392,Pitea,603570,SE,65.32,21.48,1579585446,40.55,41.0,277.59,10,60,10.3
393,Khasan,2039557,RU,42.43,130.64,1579585446,26.078000000000067,26.078000000000067,269.86,0,60,1.0
394,Sumbe,3346015,AO,-11.21,13.84,1579585446,77.70200000000008,77.70200000000008,298.54,100,79,0.44
395,Kindersley,5992154,CA,51.47,-109.17,1579585446,29.12000000000006,30.002000000000077,271.15,40,79,9.3
396,Urucara,3385670,BR,-2.54,-57.76,1579585447,73.958,73.958,296.46,100,97,0.89
397,Freeport,5117949,US,40.66,-73.58,1579585205,20.894000000000073,24.8,264.26,1,35,3.1
398,Kanniyakumari,1268008,IN,8.08,77.57,1579585447,81.26600000000002,81.26600000000002,300.52,80,67,12.27
399,Saint Anthony,5044290,US,45.02,-93.22,1579585447,0.05000000000005045,3.1999999999999993,253.15,1,77,2.16
400,Bonoua,2291087,CI,5.27,-3.6,1579585448,78.80000000000001,78.80000000000001,299.15,20,94,0.48
401,Arman,2127060,RU,59.7,150.17,1579585448,-5.583999999999939,-5.583999999999939,252.27,24,85,3.56
402,Kamsack,5989068,CA,51.57,-101.9,1579585448,14.0,14.0,263.15,90,85,4.6
403,Staraya Kulatka,489164,RU,52.72,47.62,1579585448,26.81600000000001,26.81600000000001,270.27,87,92,3.93
404,Chui,3443061,UY,-33.7,-53.46,1579585186,70.46600000000001,70.46600000000001,294.52,28,97,2.9
405,Puerto Baquerizo Moreno,3652758,EC,-0.9,-89.6,1579585449,76.17200000000004,76.17200000000004,297.69,26,89,3.7
406,Trat,1605277,TH,12.5,102.5,1579585449,87.80000000000001,93.00200000000008,300.93,40,62,1.0
407,Bauta,3567612,CU,22.98,-82.55,1579585449,68.0,68.0,293.15,75,60,4.6
408,Meulaboh,1214488,ID,4.14,96.13,1579585449,81.08600000000007,81.08600000000007,300.42,100,80,1.65
409,Jumla,1283285,NP,29.27,82.18,1579585450,39.992,39.992,277.59,100,79,0.89
410,Ballina,2177069,AU,-28.87,153.57,1579585450,92.26400000000004,100.4,304.15,1,66,7.2
411,Braganca,3405006,BR,-1.05,-46.77,1579585450,74.22800000000007,74.22800000000007,296.61,100,98,1.35
412,Faanui,4034551,PF,-16.48,-151.75,1579585375,82.13000000000005,82.13000000000005,301.0,29,77,3.73
413,Kashgar,1280849,CN,39.45,75.98,1579585451,24.8,24.8,269.15,100,58,2.0
414,Kodinsk,1503037,RU,58.69,99.18,1579585451,2.0120000000000573,2.0120000000000573,256.49,100,91,5.33
415,Moron,3430545,AR,-34.65,-58.62,1579585451,76.60400000000006,80.00600000000003,295.93,20,94,3.1
416,Mayo,4362001,US,38.89,-76.51,1579585451,24.47600000000009,28.4,265.93,1,42,4.6
417,Sungai Padi,1606050,TH,6.09,101.88,1579585452,85.29800000000003,86.0,302.15,40,70,6.2
418,Bonavista,5905393,CA,48.65,-53.11,1579585235,19.99400000000007,19.99400000000007,266.48,99,90,4.92
419,Montemor-o-Novo,2265888,PT,38.65,-8.21,1579585452,41.432000000000016,42.8,277.59,6,66,5.7
420,Buala,2109528,SB,-8.14,159.59,1579585452,85.02800000000008,85.02800000000008,302.61,39,69,3.32
421,Schwalmstadt,2835345,DE,50.93,9.22,1579585453,24.241999999999997,28.994000000000074,265.93,90,92,1.0
422,Kalmunai,1242110,LK,7.42,81.82,1579585178,82.00400000000005,82.00400000000005,300.93,68,76,6.81
423,Lucea,3489657,JM,18.45,-78.17,1579585453,77.93600000000006,78.99800000000002,298.15,75,73,0.5
424,Tomatlan,3981391,MX,19.93,-105.25,1579585453,71.09600000000006,71.09600000000006,294.87,42,80,0.79
425,Waitati,2179825,NZ,-45.75,170.57,1579585453,59.0,59.0,288.15,100,95,7.25
426,Bukama,217834,CD,-9.2,25.85,1579585454,72.30200000000008,72.30200000000008,295.54,100,96,0.28
427,Yar-Sale,1486321,RU,66.83,70.83,1579585313,-3.3339999999999392,-3.3339999999999392,253.52,100,93,5.67
428,Dinghaicun,1812805,CN,26.28,119.79,1579585454,60.8,60.8,289.15,100,55,4.0
429,Okhotsk,2122605,RU,59.38,143.3,1579585454,-15.86199999999996,-15.86199999999996,246.56,0,74,2.83
430,Oddur,49747,SO,4.12,43.89,1579585454,77.77400000000002,77.77400000000002,298.58,0,53,10.02
431,Lyngseidet,778829,NO,69.58,20.22,1579585455,32.63000000000004,33.8,273.15,75,95,9.3
432,Marabu,1738050,MY,4.41,114.01,1579585194,87.69200000000001,87.80000000000001,303.71,75,79,3.6
433,El Reno,4535783,US,35.53,-97.95,1579585455,31.441999999999997,33.8,272.04,13,68,3.6
434,Souillac,933995,MU,-20.52,57.52,1579585455,83.67800000000007,84.2,301.48,75,79,0.5
435,Winneba,2294034,GH,5.35,-0.62,1579585456,80.6,80.6,300.15,75,88,0.5
436,Natchez,4437982,US,31.56,-91.4,1579585456,33.02600000000009,35.6,272.04,1,74,1.5
437,Fare,4034496,PF,-16.7,-151.02,1579585456,82.16600000000001,82.16600000000001,301.02,66,76,5.37
438,Bara,2347758,NG,10.37,10.73,1579585457,61.05200000000008,61.05200000000008,289.29,60,38,2.98
439,Saint-Francois,2980080,FR,46.42,3.91,1579585457,24.548000000000023,28.994000000000074,268.15,3,92,1.57
440,Kayerkan,1497337,RU,69.35,87.76,1579585457,-41.799999999999955,-41.799999999999955,232.15,40,72,1.0
441,Boguchany,1509844,RU,58.38,97.45,1579585457,1.1660000000000075,1.1660000000000075,256.02,100,85,5.86
442,Nikolayevsk-on-Amure,2122850,RU,53.14,140.73,1579585458,-1.2999999999999474,-1.2999999999999474,254.65,1,92,2.04
443,Ferkessedougou,2289049,CI,9.6,-5.2,1579585458,71.18600000000006,71.18600000000006,294.92,70,29,1.42
444,Kruisfontein,986717,ZA,-34.0,24.73,1579585458,64.058,64.058,290.96,100,92,7.92
445,Harper,2276492,LR,4.38,-7.72,1579585458,75.38000000000005,75.38000000000005,297.25,81,94,0.98
446,Nehe,2035610,CN,48.48,124.83,1579585459,4.766000000000009,4.766000000000009,258.02,100,91,3.07
447,Genhe,2037252,CN,50.78,121.52,1579585459,2.1020000000000785,2.1020000000000785,256.54,100,88,1.15
448,Saiki,1853237,JP,32.95,131.9,1579585459,51.8,51.8,284.15,20,43,5.1
449,Vestmannaeyjar,3412093,IS,63.44,-20.27,1579585419,37.43600000000007,37.43600000000007,276.17,100,92,10.32
450,Valdivia,3868707,CL,-39.81,-73.25,1579585460,64.4,64.4,291.15,0,63,3.1
451,Northam,2641434,GB,51.03,-4.22,1579585460,33.188000000000045,42.008,268.15,0,100,1.0
452,Durango,4011741,MX,24.83,-104.83,1579585460,50.63000000000004,50.63000000000004,283.5,24,83,0.77
453,Maryville,4639848,US,35.76,-83.97,1579585460,24.02600000000009,26.99600000000005,265.93,90,58,4.6
454,Portland,5746545,US,45.52,-122.68,1579585249,42.044000000000075,44.99600000000005,277.04,90,70,5.1
455,Porto Walter,3662761,BR,-8.27,-72.74,1579585461,74.44400000000007,74.44400000000007,296.73,100,92,1.08
456,Santa Rosa,1687894,PH,14.31,121.11,1579585461,86.0,86.0,303.15,75,48,6.2
457,Chia,3686675,CO,4.86,-74.06,1579585461,55.400000000000006,55.400000000000006,286.15,75,87,2.6
458,Abu Dhabi,292968,AE,24.47,54.37,1579585445,68.93600000000006,69.80000000000001,293.15,20,49,2.6
459,Ugoofaaru,1337619,MV,5.67,73.0,1579585462,83.15600000000003,83.15600000000003,301.57,2,77,9.12
460,Saquena,3692020,PE,-4.67,-73.52,1579585462,72.59000000000003,72.59000000000003,295.7,72,96,0.83
461,Mersa Matruh,352733,EG,31.35,27.25,1579585462,55.400000000000006,55.400000000000006,286.15,40,58,7.7
462,Isla Vista,5359864,US,34.41,-119.86,1579585462,52.141999999999996,55.99400000000007,280.93,90,93,0.36
463,Itarema,3393692,BR,-2.92,-39.92,1579585462,76.87400000000002,76.87400000000002,298.08,100,85,0.87
464,Nome,5870133,US,64.5,-165.41,1579585248,12.2,12.2,262.15,90,92,4.1
465,San Pedro de Macoris,3493032,DO,18.46,-69.3,1579585463,72.19400000000007,73.00400000000005,295.15,20,100,1.16
466,Pak Phanang,1608033,TH,8.35,100.2,1579585463,86.0,86.0,303.15,20,70,5.7
467,Vila Franca do Campo,3372472,PT,37.72,-25.43,1579585463,57.2,57.2,287.15,75,67,3.1
468,General Roca,3855065,AR,-39.03,-67.58,1579585464,71.6,71.6,295.15,6,60,1.0
469,Cairns,2172797,AU,-16.92,145.77,1579585464,92.30000000000001,98.99600000000005,305.15,40,75,5.1
470,Morondava,1058381,MG,-20.28,44.28,1579585464,81.44600000000005,81.44600000000005,300.62,93,81,2.98
471,Lotoshino,533975,RU,56.23,35.64,1579585464,35.42000000000006,35.42000000000006,275.05,100,90,8.59
472,Bella Union,3443631,UY,-30.28,-57.6,1579585465,75.72200000000004,75.72200000000004,297.44,96,81,2.13
473,Howard Springs,6301965,AU,-12.5,131.05,1579585465,85.06400000000004,87.99800000000002,302.04,40,74,7.2
474,Tessalit,2449893,ML,20.2,1.01,1579585465,62.438000000000045,62.438000000000045,290.06,16,23,5.15
475,Korhogo,2286304,CI,9.45,-5.63,1579585465,70.88000000000005,70.88000000000005,294.75,66,29,1.84
476,Esna,355449,EG,25.29,32.55,1579585466,51.8,51.8,284.15,0,66,2.1
477,Bonfim,3405215,BR,3.08,-59.95,1579585466,78.29600000000005,78.29600000000005,298.87,30,70,5.45
478,Colares,2269142,PT,38.8,-9.45,1579585466,44.258,44.99600000000005,279.26,9,60,6.7
479,Ljungby,2694560,SE,56.83,13.94,1579585466,41.55800000000001,42.8,278.15,90,100,8.2
480,Coquimbo,3893629,CL,-29.95,-71.34,1579585467,62.6,62.6,290.15,90,88,1.5
481,Bubaque,2374583,GW,11.28,-15.83,1579585191,76.1,76.1,297.65,100,55,4.47
482,Bansang,2413866,GM,13.43,-14.65,1579585467,68.45,68.45,293.4,100,17,0.96
483,Sioux Lookout,6148373,CA,50.1,-91.92,1579585467,7.862000000000055,8.599999999999998,259.15,5,78,4.6
484,Qingquan,1797793,CN,30.45,115.26,1579585467,46.508,46.508,281.21,100,76,2.01
485,Banjarmasin,1650213,ID,-3.32,114.59,1579585468,91.4,91.4,306.15,40,63,3.6
486,Wilmington,4499379,US,34.23,-77.94,1579585468,28.562000000000058,33.008,268.71,1,54,3.1
487,Kovur,1265888,IN,14.48,79.98,1579585468,83.174,83.174,301.58,26,52,4.36
488,Nakhon Pathom,1608534,TH,13.82,100.04,1579585468,93.36200000000005,102.00200000000008,304.82,20,52,2.6
489,San Ramon,5392593,US,37.78,-121.98,1579585453,48.2,51.998000000000026,279.82,40,81,1.5
490,Ahipara,2194098,NZ,-35.17,173.17,1579585469,78.99800000000002,78.99800000000002,299.26,10,59,0.89
491,Glendive,5654391,US,47.11,-104.71,1579585469,24.47600000000009,26.6,267.15,1,79,6.2
492,Port Hardy,6111862,CA,50.7,-127.42,1579585469,46.4,46.4,281.15,40,87,9.8
493,Bud,4255151,US,39.45,-86.18,1579585470,24.656000000000027,26.6,268.15,90,85,2.6
494,New Cebu,1697775,PH,7.1,125.03,1579585470,89.6,89.6,305.15,40,55,5.1
495,Esso,2125711,RU,55.93,158.7,1579585470,-8.391999999999946,-8.391999999999946,250.71,83,96,0.79
496,Port-Gentil,2396518,GA,-0.72,8.78,1579585470,80.6,80.6,300.15,40,88,2.6
497,Rio Grande,3451138,BR,-32.03,-52.1,1579585470,73.04000000000002,73.04000000000002,295.95,78,90,5.95
498,Muzhi,1498161,RU,65.37,64.67,1579585471,-5.331999999999965,-5.331999999999965,252.41,100,92,3.33
499,Lubango,3347762,AO,-14.92,13.49,1579585471,64.4,64.4,291.15,75,90,1.0
500,Ashford,2656955,GB,51.15,0.87,1579585471,30.758000000000003,35.99600000000005,270.15,0,100,1.5
501,Anloga,2304548,GH,5.79,0.9,1579585471,77.0,77.0,298.15,20,88,1.0
502,Ponta Delgada,3372783,PT,37.73,-25.67,1579585472,57.2,57.2,287.15,75,67,3.1
503,Luena,3347719,AO,-11.78,19.92,1579585472,64.00400000000005,64.00400000000005,290.93,100,98,1.24
504,Ribas do Rio Pardo,3451399,BR,-20.44,-53.76,1579585472,73.23800000000006,73.23800000000006,296.06,82,94,2.09
505,Snaase,3138076,NO,64.25,12.38,1579585472,27.5,27.5,270.65,97,96,14.72
506,Sittwe,1295765,MM,20.15,92.9,1579585472,77.61200000000005,77.61200000000005,298.49,0,46,3.11
507,Mogadishu,53654,SO,2.04,45.34,1579585473,80.6,80.6,300.15,20,69,6.2
508,Maningrida,2067089,AU,-12.07,134.27,1579585473,86.43200000000002,86.43200000000002,303.39,80,71,9.9
509,Poronaysk,2121909,RU,49.22,143.12,1579585473,9.80600000000003,9.80600000000003,260.82,0,89,1.53
510,Talcahuano,3870282,CL,-36.72,-73.12,1579585473,57.2,57.2,287.15,0,93,3.6
511,Alta Floresta,6316343,BR,-9.88,-56.09,1579585474,71.74400000000009,71.74400000000009,295.23,88,95,0.51
512,Yulara,6355222,AU,-25.24,130.99,1579585474,98.60000000000001,98.60000000000001,310.15,40,23,6.7
513,Luan,2659977,CH,46.36,6.98,1579585474,25.32200000000004,28.994000000000074,267.04,56,54,0.5
514,Zabid,69500,YE,14.2,43.32,1579585474,74.96600000000001,74.96600000000001,297.02,56,73,1.41
515,Port Augusta,2063056,AU,-32.5,137.77,1579585475,86.37800000000007,87.80000000000001,302.59,0,23,3.1
516,Salalah,286621,OM,17.02,54.09,1579585475,75.2,75.2,297.15,20,53,0.5
517,Tocopilla,3869716,CL,-22.09,-70.2,1579585475,61.41200000000006,61.41200000000006,289.49,96,47,0.28
518,Villaviciosa,3104707,ES,43.48,-5.44,1579585475,44.74400000000007,48.00200000000008,279.15,75,87,2.1
519,Fairview,5097801,US,40.81,-74.0,1579585313,19.99400000000007,24.8,263.71,1,44,4.6
520,Bambanglipuro,1650434,ID,-7.95,110.28,1579585476,89.45600000000003,89.45600000000003,305.07,15,54,3.24
521,Siguiri,2415702,GN,11.67,-9.5,1579585476,69.99800000000002,69.99800000000002,294.26,98,30,0.5
522,Kingaroy,2161376,AU,-26.53,151.83,1579585476,96.8,96.8,309.15,40,30,5.1
523,Zharkent,1520253,KZ,44.16,80.0,1579585476,21.97400000000001,21.97400000000001,267.58,57,85,1.11
524,Nelson Bay,2155562,AU,-32.72,152.15,1579585477,85.19000000000003,89.99600000000005,301.48,0,45,9.3
525,Kisangani,212730,CD,0.52,25.2,1579585477,72.5,72.5,295.65,95,61,1.12
526,Goderich,5962442,CA,43.75,-81.72,1579585477,25.033999999999992,30.002000000000077,267.04,99,80,2.8
527,Alamos,4018904,MX,27.02,-108.93,1579585477,56.42600000000009,60.998000000000026,283.71,28,89,0.35
528,Buraidah,107304,SA,26.33,43.98,1579585477,46.4,46.4,281.15,0,81,1.02
529,Port Keats,2063039,AU,-14.25,129.55,1579585478,80.54600000000005,80.54600000000005,300.12,100,88,10.06
530,Omboue,2396853,GA,-1.57,9.26,1579585478,76.316,76.316,297.77,71,92,0.06
531,Byron Bay,2172880,AU,-28.65,153.62,1579585103,88.77200000000005,100.4,300.37,2,66,7.2
532,Nema,522745,RU,57.51,50.5,1579585478,26.81600000000001,26.81600000000001,270.27,85,93,3.1
533,Japura,1642773,ID,-0.32,102.35,1579585479,86.25200000000008,86.25200000000008,303.29,31,74,2.31
534,Rocha,3440777,UY,-34.48,-54.33,1579585479,66.02000000000007,66.02000000000007,292.05,0,97,1.97
535,Aleppo Governorate,170062,SY,36.25,37.5,1579585479,43.25,43.25,279.4,84,74,6.38
536,Knyaze-Volkonskoye,2021954,RU,48.46,135.46,1579585479,10.399999999999999,10.399999999999999,261.15,46,60,8.0
537,Luderitz,3355672,NA,-26.65,15.16,1579585315,60.8,60.8,289.15,0,93,0.5
538,Pathein,1328421,MM,16.78,94.73,1579585480,82.16600000000001,82.16600000000001,301.02,1,43,4.08
539,Belyy Yar,1510377,RU,53.6,91.39,1579585480,-2.199999999999953,-2.199999999999953,254.15,31,77,2.0
540,Bismarck,5688025,US,46.81,-100.78,1579585326,5.756000000000029,8.006000000000029,258.15,1,77,3.6
541,Pokhara,1282898,NP,28.23,83.98,1579585270,61.64600000000005,61.64600000000005,289.62,98,43,1.01
542,Nizwa,286987,OM,22.93,57.53,1579585481,61.91600000000001,61.91600000000001,289.77,0,54,1.55
543,Laizhou,1804578,CN,37.18,119.93,1579585481,43.16000000000008,43.16000000000008,279.35,84,54,5.41
544,Mbanza-Ngungu,2312888,CD,-5.25,14.87,1579585481,70.25,70.25,294.4,100,93,0.25
545,Russell,4047434,US,32.35,-85.2,1579585201,29.138000000000044,32.0,270.15,1,63,3.1
546,Xiongyue,2033630,CN,40.18,122.12,1579585482,37.16600000000001,37.16600000000001,276.02,62,38,6.62
547,Talnakh,1490256,RU,69.49,88.4,1579585425,-41.799999999999955,-41.799999999999955,232.15,40,72,1.0
548,Vanimo,2084442,PG,-2.67,141.3,1579585482,83.174,83.174,301.58,24,78,8.09
549,Tricase,2522857,IT,39.93,18.36,1579585483,40.658,42.008,277.15,68,93,1.5
550,Kilindoni,157429,TZ,-7.91,39.67,1579585483,82.85,82.85,301.4,100,83,9.18
551,Atherton,2656847,GB,53.52,-2.49,1579585483,39.758,44.6,274.26,90,93,1.5
552,Port Macquarie,2152659,AU,-31.43,152.92,1579585376,89.43800000000005,93.00200000000008,303.15,0,40,6.2
553,Bairiki Village,7601762,KI,1.33,172.98,1579585484,89.6,89.6,305.15,40,66,2.1
554,Sao Domingos do Maranhao,3388868,BR,-5.58,-44.39,1579585484,71.87000000000006,71.87000000000006,295.3,65,97,0.69
555,Sadu,668278,RO,45.67,24.18,1579585484,26.78000000000004,26.99600000000005,270.15,90,79,2.6
556,Sao Joao da Barra,3448903,BR,-21.64,-41.05,1579585452,72.30200000000008,72.30200000000008,295.54,45,89,4.44
557,Santarem,3389353,BR,-2.44,-54.71,1579585484,80.6,80.6,300.15,75,94,2.1
558,Tombouctou,2449066,ML,20.0,-3.0,1579585485,59.846000000000046,59.846000000000046,288.62,20,23,1.22
559,Ridgecrest,5387494,US,35.62,-117.67,1579585485,52.34000000000002,53.99600000000005,282.59,90,37,4.1
